site,provider
https://activate.codefi.network/staking/airswap/governance,cloudflare
https://app.1inch.io,cloudflare
https://app.aave.com/markets,cloudflare
https://app.alchemix.fi,aws
https://app.badger.finance,cloudflare
https://app.balancer.fi,cloudflare
https://app.bancor.network/eth/data,fastly
https://app.barnbridge.com,aws
https://app.bifi.finance,aws
https://app.bifi.finance/lend,aws
https://app.boringdao.com,aws
https://app.compound.finance,cloudflare
https://app.coverprotocol.com,aws
https://app.cream.finance,cloudflare
https://app.defisaver.com,digital ocean
https://app.dodoex.io,other
https://app.enzyme.finance/depositor/leaderboard,aws
https://app.fei.money,aws
https://app.flexa.network,cloudflare
https://app.impermax.finance,cloudflare
https://app.jelly.market,cloudflare
https://app.mai.finance,aws
https://app.maple.finance,cloudflare
https://app.nexusmutual.io/swap,cloudflare
https://app.pickle.finance,aws
https://app.rampdefi.com,aws
https://app.rari.capital,aws
https://app.rari.capital,aws
https://app.reflexer.finance,cloudflare
https://app.reflexer.finance,cloudflare
https://app.ribbon.finance,aws
https://app.rulerprotocol.com,aws
https://app.sushi.com,aws
https://app.swapswap.org/#/swap,cloudflare
https://app.tornado.cash,cloudflare
https://app.truefi.io,cloudflare
https://app.truefi.io/home,cloudflare
https://app.uniswap.org,cloudflare
https://app.vesper.finance,other
https://app.warp.finance,cloudflare
https://app.yield.is,digital ocean
https://app.zerion.io,cloudflare
https://beta.curve.fi,aws
https://curve.fi,aws
https://dashboard.keep.network/overview,cloudflare
https://debank.com,other
https://defi.instadapp.io,cloudflare
https://dmm.exchange/#/about,cloudflare
https://exchange.dfyn.network,aws
https://exchange.loopring.io/swap,cloudflare
https://flash.wing.finance,cloudflare
https://for.tube/market/index,other
https://foundation.app,cloudflare
https://harvest.finance,cloudflare
https://homora-v2.alphafinance.io,digital ocean
https://idle.finance,fastly
https://inverse.finance/anchor,aws
https://liquity.app,cloudflare
https://moonswap.fi/exchange/swap,other
https://notional.finance/portfolio,aws
https://o3swap.com/swap,aws
https://oasis.app/dashboard,aws
https://opensea.io/assets,cloudflare
https://pancakeswap.finance,cloudflare
https://pay.sablier.finance,fastly
https://rarible.com,cloudflare
https://saddle.exchange,other
https://staking.synthetix.io,aws
https://tinlake.centrifuge.io,digital ocean
https://trade.dydx.exchange,cloudflare
https://trader.airswap.io/,aws
https://v2.opyn.co,digital ocean
https://wasabix.finance/#/app,aws
https://www.akropolis.io/app/home,aws
https://www.convexfinance.com,aws
https://www.indexcoop.com,cloudflare
https://yearn.finance,aws
https://zapper.fi/dashboard,aws
