url,type
https://activate.codefi.network/staking/airswap/governance,defi
https://app.1inch.io,defi
https://app.aave.com/markets,defi
https://app.alchemix.fi,defi
https://app.badger.finance,defi
https://app.balancer.fi,defi
https://app.bancor.network/eth/data,defi
https://app.barnbridge.com,defi
https://app.bifi.finance,defi
https://app.bifi.finance/lend,defi
https://app.boringdao.com,defi
https://app.compound.finance,defi
https://app.coverprotocol.com,defi
https://app.cream.finance,defi
https://app.defisaver.com,defi
https://app.dodoex.io,defi
https://app.enzyme.finance/depositor/leaderboard,defi
https://app.fei.money,defi
https://app.flexa.network,defi
https://app.impermax.finance,defi
https://app.jelly.market,defi
https://app.mai.finance,defi
https://app.maple.finance,defi
https://app.nexusmutual.io/swap,defi
https://app.pickle.finance,defi
https://app.rampdefi.com,defi
https://app.rari.capital,defi
https://app.rari.capital,defi
https://app.reflexer.finance,defi
https://app.reflexer.finance,defi
https://app.ribbon.finance,defi
https://app.rulerprotocol.com,defi
https://app.sushi.com,defi
https://app.swapswap.org/#/swap,defi
https://app.tornado.cash,defi
https://app.truefi.io,defi
https://app.truefi.io/home,defi
https://app.uniswap.org,defi
https://app.vesper.finance,defi
https://app.warp.finance,defi
https://app.yield.is,defi
https://app.zerion.io,defi
https://beta.curve.fi,defi
https://curve.fi,defi
https://dashboard.keep.network/overview,defi
https://debank.com,defi
https://defi.instadapp.io,defi
https://dmm.exchange/#/about,defi
https://exchange.dfyn.network,defi
https://exchange.loopring.io/swap,defi
https://flash.wing.finance,defi
https://for.tube/market/index,defi
https://foundation.app,defi
https://harvest.finance,defi
https://homora-v2.alphafinance.io,defi
https://idle.finance,defi
https://inverse.finance/anchor,defi
https://liquity.app,defi
https://moonswap.fi/exchange/swap,defi
https://notional.finance/portfolio,defi
https://o3swap.com/swap,defi
https://oasis.app/dashboard,defi
https://opensea.io/assets,defi
https://pancakeswap.finance,defi
https://pay.sablier.finance,defi
https://rarible.com,defi
https://saddle.exchange,defi
https://staking.synthetix.io,defi
https://tinlake.centrifuge.io,defi
https://trade.dydx.exchange,defi
https://trader.airswap.io/,defi
https://v2.opyn.co,defi
https://wasabix.finance/#/app,defi
https://www.akropolis.io/app/home,defi
https://www.convexfinance.com,defi
https://www.indexcoop.com,defi
https://yearn.finance,defi
https://zapper.fi/dashboard,defi
https://www.coindesk.com,news
https://cointelegraph.com,news
https://decrypt.co,news
https://cryptonews.com,news
https://www.theblockcrypto.com,news
https://www.coingecko.com/en,price
https://coinmarketcap.com,price
https://coinranking.com,price
https://coincodex.com,price
https://coincheckup.com,price
https://www.cointracker.io/price,price
